﻿<?xml version="1.0" encoding="utf-8" standalone="yes"?>
<MemberData>
  <PrintingType>New</PrintingType>
  <ReplaceReason />
  <CIF_ID>1111111111104</CIF_ID>
  <FirstName>JUAN_004</FirstName>
  <MiddleName>DELA_004</MiddleName>
  <LastName>CRUZ_004</LastName>
  <Suffix />
  <Gender>FEMALE</Gender>
  <DateOfBirth>03/04/1983</DateOfBirth>
  <MaritalStatus>Single</MaritalStatus>
  <MembershipDate>03/04/2005</MembershipDate>
  <MembershipStatus>ACTIVE</MembershipStatus>
  <MembershipType>Associate</MembershipType>
  <MobileNos>00918345724</MobileNos>
  <ContactNos>8817554</ContactNos>
  <IDNumber />
  <BranchIssue>AGUINALDO</BranchIssue>
  <Address1>ADD1_4</Address1>
  <Address2 />
  <Address3>ADD3_4</Address3>
  <City>PASIG</City>
  <Province>NCR</Province>
  <Country>Philippines</Country>
  <ZipCode>1114</ZipCode>
  <FullName_Contact>MARTIN_004 CRUZ_004</FullName_Contact>
  <ContactNos_Contact>00918345724</ContactNos_Contact>
  <AssociateType>Cadet</AssociateType>
  <CIF_ID_PrincipalMember />
  <PrincipalName />
  <IDs>1,0,5,3,2,1,3</IDs>
  <Supervisor />
  <VoidReason />
  <RefDataID />
  <CCANo>34522222111114</CCANo>
  <ForUpload>True</ForUpload>
  <ReferenceNumber />
  <CardName>MARIA CONSOLARAC T. ABUEVA</CardName>
  <LeftPrimaryFingerCode>Left Index</LeftPrimaryFingerCode>
  <LeftThumbFingerCode>Left Thumb</LeftThumbFingerCode>
  <RightPrimaryFingerCode>Right Index</RightPrimaryFingerCode>
  <RightThumbFingerCode>Right Thumb</RightThumbFingerCode>
  <PhotoOverride>True</PhotoOverride>
  <SignatureOverride>False</SignatureOverride>
  <PhotoICAO>True</PhotoICAO>
  <PhotoScore>0</PhotoScore>
  <SessionReference>StationName_20210714_051015_0002</SessionReference>
  <Timestamp>7/14/2021 5:12:26 PM</Timestamp>
  <OperatorID>Operator</OperatorID>
  <TerminalName>StationName</TerminalName>
</MemberData>