﻿<?xml version="1.0" encoding="utf-8" standalone="yes"?>
<MemberData>
  <PrintingType>New</PrintingType>
  <ReplaceReason />
  <CIF_ID>7656555555555</CIF_ID>
  <FirstName>MIGUEL</FirstName>
  <MiddleName>S</MiddleName>
  <LastName>TANTAO</LastName>
  <Suffix />
  <Gender>MALE</Gender>
  <DateOfBirth>24/06/1980</DateOfBirth>
  <MaritalStatus>Single</MaritalStatus>
  <MembershipDate>24/06/1999</MembershipDate>
  <MembershipStatus>ACTIVE</MembershipStatus>
  <MembershipType>Regular</MembershipType>
  <MobileNos>09172231111</MobileNos>
  <ContactNos>4324324324324324</ContactNos>
  <IDNumber />
  <BranchIssue>AGUINALDO</BranchIssue>
  <Address1>UNIT C</Address1>
  <Address2 />
  <Address3>DELA PAZ</Address3>
  <City />
  <Province>ANGONO</Province>
  <Country>Philippines</Country>
  <ZipCode>2211</ZipCode>
  <FullName_Contact>MAY TANTAO</FullName_Contact>
  <ContactNos_Contact>0933234333333333</ContactNos_Contact>
  <AssociateType />
  <CIF_ID_PrincipalMember />
  <PrincipalName />
  <IDs>1,0,5,3,1,1,0</IDs>
  <Supervisor />
  <VoidReason />
  <RefDataID />
  <CCANo>12321444444444</CCANo>
  <ForUpload>True</ForUpload>
  <ReferenceNumber />
  <CardName>MIGUEL S TANTAO</CardName>
  <LeftPrimaryFingerCode>Left Index</LeftPrimaryFingerCode>
  <LeftThumbFingerCode>Left Thumb</LeftThumbFingerCode>
  <RightPrimaryFingerCode>Right Index</RightPrimaryFingerCode>
  <RightThumbFingerCode>Right Thumb</RightThumbFingerCode>
  <PhotoOverride>True</PhotoOverride>
  <SignatureOverride>False</SignatureOverride>
  <PhotoICAO>True</PhotoICAO>
  <PhotoScore>0.62046139410174</PhotoScore>
  <SessionReference>SN0001_20210621_074304_0002</SessionReference>
  <Timestamp>6/24/2021 6:15:48 PM</Timestamp>
  <OperatorID>Administrator</OperatorID>
  <TerminalName>SN0001</TerminalName>
</MemberData>