﻿<?xml version="1.0" encoding="utf-8" standalone="yes"?>
<MemberData>
  <PrintingType>New</PrintingType>
  <ReplaceReason />
  <CIF_ID>1111111111103</CIF_ID>
  <FirstName>JUAN_003</FirstName>
  <MiddleName>DELA_003</MiddleName>
  <LastName>CRUZ_003</LastName>
  <Suffix />
  <Gender>MALE</Gender>
  <DateOfBirth>03/03/1982</DateOfBirth>
  <MaritalStatus>Widowed</MaritalStatus>
  <MembershipDate>03/03/2005</MembershipDate>
  <MembershipStatus>ACTIVE</MembershipStatus>
  <MembershipType>Regular</MembershipType>
  <MobileNos>00918345723</MobileNos>
  <ContactNos>8817553</ContactNos>
  <IDNumber />
  <BranchIssue>AGUINALDO</BranchIssue>
  <Address1>ADD1_3</Address1>
  <Address2 />
  <Address3>ADD3_3</Address3>
  <City>ANGONO</City>
  <Province>RIZAL</Province>
  <Country>Philippines</Country>
  <ZipCode>1113</ZipCode>
  <FullName_Contact>MARTIN_003 CRUZ_003</FullName_Contact>
  <ContactNos_Contact>00918345723</ContactNos_Contact>
  <AssociateType />
  <CIF_ID_PrincipalMember />
  <PrincipalName />
  <IDs>1,0,2,3,1,1,0</IDs>
  <Supervisor />
  <VoidReason />
  <RefDataID />
  <CCANo>34522222111113</CCANo>
  <ForUpload>True</ForUpload>
  <ReferenceNumber />
  <CardName>MARIA CONSOLARA T. ABUEVA</CardName>
  <LeftPrimaryFingerCode>Left Index</LeftPrimaryFingerCode>
  <LeftThumbFingerCode>Left Thumb</LeftThumbFingerCode>
  <RightPrimaryFingerCode>Right Index</RightPrimaryFingerCode>
  <RightThumbFingerCode>Right Thumb</RightThumbFingerCode>
  <PhotoOverride>True</PhotoOverride>
  <SignatureOverride>False</SignatureOverride>
  <PhotoICAO>True</PhotoICAO>
  <PhotoScore>0</PhotoScore>
  <SessionReference>SN0001_20210630_091702_0001</SessionReference>
  <Timestamp>7/14/2021 5:05:48 PM</Timestamp>
  <OperatorID>Operator</OperatorID>
  <TerminalName>StationName</TerminalName>
</MemberData>