﻿<?xml version="1.0" encoding="utf-8" standalone="yes"?>
<MemberData>
  <PrintingType>New</PrintingType>
  <ReplaceReason />
  <CIF_ID>5431111112321</CIF_ID>
  <FirstName>fdafda</FirstName>
  <MiddleName />
  <LastName>fdasfa</LastName>
  <Suffix />
  <Gender>MALE</Gender>
  <DateOfBirth>21/06/1988</DateOfBirth>
  <MaritalStatus>Married</MaritalStatus>
  <MembershipDate>21/06/1999</MembershipDate>
  <MembershipStatus>ACTIVE</MembershipStatus>
  <MembershipType>Regular</MembershipType>
  <MobileNos>24324243243</MobileNos>
  <ContactNos>32432</ContactNos>
  <IDNumber />
  <BranchIssue>AGUINALDO</BranchIssue>
  <Address1>fdas</Address1>
  <Address2 />
  <Address3>fda</Address3>
  <City />
  <Province>fda</Province>
  <Country>Philippines</Country>
  <ZipCode>3423</ZipCode>
  <FullName_Contact>fsafsa fdsa</FullName_Contact>
  <ContactNos_Contact>4324243243243243</ContactNos_Contact>
  <AssociateType />
  <CIF_ID_PrincipalMember />
  <PrincipalName />
  <IDs>1,0,1,3,1,1,0</IDs>
  <Supervisor />
  <VoidReason />
  <RefDataID />
  <CCANo>3243242</CCANo>
  <ForUpload>True</ForUpload>
  <ReferenceNumber />
  <CardName>dfad fsdafdsafa</CardName>
  <LeftPrimaryFingerCode>Left Index</LeftPrimaryFingerCode>
  <LeftThumbFingerCode>Left Thumb</LeftThumbFingerCode>
  <RightPrimaryFingerCode>Right Index</RightPrimaryFingerCode>
  <RightThumbFingerCode>Right Thumb</RightThumbFingerCode>
  <PhotoOverride>True</PhotoOverride>
  <SignatureOverride>False</SignatureOverride>
  <PhotoICAO>False</PhotoICAO>
  <PhotoScore>0</PhotoScore>
  <SessionReference>SN0001_20210617_053121_0004</SessionReference>
  <Timestamp>6/21/2021 6:01:05 PM</Timestamp>
  <OperatorID>Administrator</OperatorID>
  <TerminalName>SN0001</TerminalName>
</MemberData>