﻿<?xml version="1.0" encoding="utf-8" standalone="yes"?>
<MemberData>
  <PrintingType>New</PrintingType>
  <ReplaceReason />
  <CIF_ID>1111111111101</CIF_ID>
  <FirstName>JUAN_001</FirstName>
  <MiddleName>DELA_001</MiddleName>
  <LastName>CRUZ_001</LastName>
  <Suffix />
  <Gender>MALE</Gender>
  <DateOfBirth>03/01/1980</DateOfBirth>
  <MaritalStatus>Single</MaritalStatus>
  <MembershipDate>03/01/2005</MembershipDate>
  <MembershipStatus>ACTIVE</MembershipStatus>
  <MembershipType>Regular</MembershipType>
  <MobileNos>00918345721</MobileNos>
  <ContactNos>8817551</ContactNos>
  <IDNumber />
  <BranchIssue />
  <Address1>ADD1_1</Address1>
  <Address2 />
  <Address3>ADD3_1</Address3>
  <City>PASAY</City>
  <Province>NCR</Province>
  <Country />
  <ZipCode>1111</ZipCode>
  <FullName_Contact>MARTIN_001 CRUZ_001</FullName_Contact>
  <ContactNos_Contact>00918345721</ContactNos_Contact>
  <AssociateType />
  <CIF_ID_PrincipalMember />
  <PrincipalName />
  <IDs>1,0,5,3,1,0,0</IDs>
  <Supervisor />
  <VoidReason />
  <RefDataID />
  <CCANo>34522222111111</CCANo>
  <ForUpload>True</ForUpload>
  <ReferenceNumber>ABN-TRZPP</ReferenceNumber>
  <CardName>JUAN DELA CRUZ</CardName>
  <LeftPrimaryFingerCode>Left Index</LeftPrimaryFingerCode>
  <LeftThumbFingerCode>Left Thumb</LeftThumbFingerCode>
  <RightPrimaryFingerCode>Right Index</RightPrimaryFingerCode>
  <RightThumbFingerCode>Right Thumb</RightThumbFingerCode>
  <PhotoOverride>True</PhotoOverride>
  <SignatureOverride>False</SignatureOverride>
  <PhotoICAO>True</PhotoICAO>
  <PhotoScore>0.673378449235444</PhotoScore>
  <SessionReference>SN0001_20210626_103458_0001</SessionReference>
  <Timestamp>6/26/2021 10:37:28 AM</Timestamp>
  <OperatorID>Administrator</OperatorID>
  <TerminalName>SN0001</TerminalName>
</MemberData>